"$id","Date","Forecast","Measured"
"2","2021-01-06 06:00","0.164643988","0.1450984"
"3","2021-01-06 06:01","0.169392","0.1507816"
"4","2021-01-06 06:02","0.1743","0.1562217"
"5","2021-01-06 06:03","0.17938","0.1619882"
"6","2021-01-06 06:04","0.184632","0.1681128"
"7","2021-01-06 06:05","0.190056","0.1742513"
"8","2021-01-06 06:06","0.195652008","0.1808715"
"9","2021-01-06 06:07","0.20143199","0.1875235"
"10","2021-01-06 06:08","0.207387984","0.1943338"
"11","2021-01-06 06:09","0.213532","0.2018633"
"12","2021-01-06 06:10","0.219856","0.2089507"
"13","2021-01-06 06:11","0.226372","0.2153727"
"14","2021-01-06 06:12","0.233075991","0.2220476"
"15","2021-01-06 06:13","0.239975989","0.230219"
"16","2021-01-06 06:14","0.247067988","0.2374082"
"17","2021-01-06 06:15","0.254356","0.2453433"
"18","2021-01-06 06:16","0.261848","0.2527343"
"19","2021-01-06 06:17","0.269536018","0.2607951"
"20","2021-01-06 06:18","0.277432","0.2703176"
"21","2021-01-06 06:19","0.285536","0.2824813"
"22","2021-01-06 06:20","0.293844","0.2942073"
"23","2021-01-06 06:21","0.302368","0.3038991"
"24","2021-01-06 06:22","0.3111","0.3134534"
"25","2021-01-06 06:23","0.320048","0.3232663"
"26","2021-01-06 06:24","0.329216","0.3332987"
"27","2021-01-06 06:25","0.3386","0.3436694"
"28","2021-01-06 06:26","0.34820798","0.3541616"
"29","2021-01-06 06:27","0.35804","0.3646884"
"30","2021-01-06 06:28","0.368096","0.3756682"
"31","2021-01-06 06:29","0.37838","0.3866662"
"32","2021-01-06 06:30","0.388892","0.3979974"
"33","2021-01-06 06:31","0.399636","0.4094337"
"34","2021-01-06 06:32","0.4106","0.4212049"
"35","2021-01-06 06:33","0.421839982","0.4331256"
"36","2021-01-06 06:34","0.43328","0.4453252"
"37","2021-01-06 06:35","0.44496","0.4577257"
"38","2021-01-06 06:36","0.45692","0.4702422"
"39","2021-01-06 06:37","0.469079971","0.4830238"
"40","2021-01-06 06:38","0.48148","0.496049"
"41","2021-01-06 06:39","0.49416","0.5092019"
"42","2021-01-06 06:40","0.50708","0.5228902"
"43","2021-01-06 06:41","0.52024","0.5369039"
"44","2021-01-06 06:42","0.533679962","0.5511025"
"45","2021-01-06 06:43","0.54732","0.5654043"
"46","2021-01-06 06:44","0.56128","0.5800588"
"47","2021-01-06 06:45","0.57544","0.5950884"
"48","2021-01-06 06:46","0.58988","0.6101833"
"49","2021-01-06 06:47","0.6046","0.6255102"
"50","2021-01-06 06:48","0.61956","0.6410429"
"51","2021-01-06 06:49","0.63476","0.6570628"
"52","2021-01-06 06:50","0.65028","0.6733539"
"53","2021-01-06 06:51","0.666040063","0.6897029"
"54","2021-01-06 06:52","0.68204","0.7062955"
"55","2021-01-06 06:53","0.69832","0.7230879"
"56","2021-01-06 06:54","0.71488","0.7405159"
"57","2021-01-06 06:55","0.73172003","0.7580166"
"58","2021-01-06 06:56","0.74884","0.7758579"
"59","2021-01-06 06:57","0.76624","0.7938662"
"60","2021-01-06 06:58","0.78388","0.8118704"
"61","2021-01-06 06:59","0.801799953","0.8302763"
"62","2021-01-06 07:00","0.820000052","0.8493173"
"63","2021-01-06 07:01","0.83852","0.8684716"
"64","2021-01-06 07:02","0.857279956","0.8881205"
"65","2021-01-06 07:03","0.87632","0.9078016"
"66","2021-01-06 07:04","0.89564","0.9280635"
"67","2021-01-06 07:05","0.91524","0.9484963"
"68","2021-01-06 07:06","0.93516","0.9692231"
"69","2021-01-06 07:07","0.95532","0.9899501"
"70","2021-01-06 07:08","0.975800037","1.011047"
"71","2021-01-06 07:09","0.99656","1.032541"
"72","2021-01-06 07:10","1.0176","1.054271"
"73","2021-01-06 07:11","1.03891993","1.075996"
"74","2021-01-06 07:12","1.06051993","1.098382"
"75","2021-01-06 07:13","1.0824","1.121253"
"76","2021-01-06 07:14","1.1046","1.144002"
"77","2021-01-06 07:15","1.12708","1.167532"
"78","2021-01-06 07:16","1.14984","1.191153"
"79","2021-01-06 07:17","1.17292","1.215104"
"80","2021-01-06 07:18","1.19628","1.239823"
"81","2021-01-06 07:19","1.21992","1.26496"
"82","2021-01-06 07:20","1.24384","1.289232"
"83","2021-01-06 07:21","1.26808","1.312927"
"84","2021-01-06 07:22","1.2926","1.339307"
"85","2021-01-06 07:23","1.3174","1.36552"
"86","2021-01-06 07:24","1.34252","1.391432"
"87","2021-01-06 07:25","1.36792","1.417624"
"88","2021-01-06 07:26","1.3936","1.444446"
"89","2021-01-06 07:27","1.41956","1.47099"
"90","2021-01-06 07:28","1.44584","1.498774"
"91","2021-01-06 07:29","1.4724","1.526991"
"92","2021-01-06 07:30","1.49928","1.554571"
"93","2021-01-06 07:31","1.52643991","1.581311"
"94","2021-01-06 07:32","1.55388","1.60945"
"95","2021-01-06 07:33","1.5816","1.637965"
"96","2021-01-06 07:34","1.60964","1.667823"
"97","2021-01-06 07:35","1.63796","1.696923"
"98","2021-01-06 07:36","1.6666","1.727656"
"99","2021-01-06 07:37","1.69548011","1.757555"
"100","2021-01-06 07:38","1.72468007","1.7882"
"101","2021-01-06 07:39","1.75415993","1.819006"
"102","2021-01-06 07:40","1.78396","1.848857"
"103","2021-01-06 07:41","1.814","1.879689"
"104","2021-01-06 07:42","1.84435987","1.910748"
"105","2021-01-06 07:43","1.875","1.942885"
"106","2021-01-06 07:44","1.90592","1.974467"
"107","2021-01-06 07:45","1.93712","2.005871"
"108","2021-01-06 07:46","1.96864","2.036713"
"109","2021-01-06 07:47","2.0004","2.068442"
"110","2021-01-06 07:48","2.03248","2.096454"
"111","2021-01-06 07:49","2.06484","2.130306"
"112","2021-01-06 07:50","2.09748","2.168843"
"113","2021-01-06 07:51","2.13036013","2.203763"
"114","2021-01-06 07:52","2.16356","2.236739"
"115","2021-01-06 07:53","2.19704","2.272182"
"116","2021-01-06 07:54","2.2308","2.308623"
"117","2021-01-06 07:55","2.2648","2.344169"
"118","2021-01-06 07:56","2.29912","2.378468"
"119","2021-01-06 07:57","2.33368","2.413891"
"120","2021-01-06 07:58","2.36852","2.451079"
"121","2021-01-06 07:59","2.40364","2.488837"
"122","2021-01-06 08:00","2.43904","2.524805"
"123","2021-01-06 08:01","2.47468","2.561611"
"124","2021-01-06 08:02","2.5106","2.596895"
"125","2021-01-06 08:03","2.54680014","2.63466"
"126","2021-01-06 08:04","2.58324","2.669714"
"127","2021-01-06 08:05","2.61996","2.710714"
"128","2021-01-06 08:06","2.65696","2.749643"
"129","2021-01-06 08:07","2.6942","2.787904"
"130","2021-01-06 08:08","2.73168","2.825527"
"131","2021-01-06 08:09","2.76944017","2.864068"
"132","2021-01-06 08:10","2.8074398","2.904361"
"133","2021-01-06 08:11","2.84568024","2.946691"
"134","2021-01-06 08:12","2.88416","2.985949"
"135","2021-01-06 08:13","2.92292","3.024988"
"136","2021-01-06 08:14","2.96191978","3.064303"
"137","2021-01-06 08:15","3.00116014","3.104271"
"138","2021-01-06 08:16","3.04064","3.146614"
"139","2021-01-06 08:17","3.0804","3.189059"
"140","2021-01-06 08:18","3.12036014","3.229728"
"141","2021-01-06 08:19","3.16056013","3.269104"
"142","2021-01-06 08:20","3.20100021","3.312225"
"143","2021-01-06 08:21","3.24164","3.353357"
"144","2021-01-06 08:22","3.28256","3.396279"
"145","2021-01-06 08:23","3.32368","3.437846"
"146","2021-01-06 08:24","3.36499977","3.478547"
"147","2021-01-06 08:25","3.4066","3.520352"
"148","2021-01-06 08:26","3.44836","3.562332"
"149","2021-01-06 08:27","3.49036","3.603034"
"150","2021-01-06 08:28","3.53260016","3.644298"
"151","2021-01-06 08:29","3.57504","3.681322"
"152","2021-01-06 08:30","3.61768","3.712128"
"153","2021-01-06 08:31","3.66052","3.761716"
"154","2021-01-06 08:32","3.7036","3.801974"
"155","2021-01-06 08:33","3.74684","3.822151"
"156","2021-01-06 08:34","3.79032","3.855589"
"157","2021-01-06 08:35","3.83396","3.886683"
"158","2021-01-06 08:36","3.8778","3.919566"
"159","2021-01-06 08:37","3.92184","3.949042"
"160","2021-01-06 08:38","3.96608","3.951003"
"161","2021-01-06 08:39","4.0104","4.000501"
"162","2021-01-06 08:40","4.0552","4.097973"
"163","2021-01-06 08:41","4.1","4.141242"
"164","2021-01-06 08:42","4.1448","4.171308"
"165","2021-01-06 08:43","4.19","4.225259"
"166","2021-01-06 08:44","4.2352","4.281549"
"167","2021-01-06 08:45","4.2808","4.344003"
"168","2021-01-06 08:46","4.3264","4.377786"
"169","2021-01-06 08:47","4.372","4.413764"
"170","2021-01-06 08:48","4.418","4.464073"
"171","2021-01-06 08:49","4.46440029","4.524145"
"172","2021-01-06 08:50","4.5104","4.568403"
"173","2021-01-06 08:51","4.5568","4.62896"
"174","2021-01-06 08:52","4.6036","4.668535"
"175","2021-01-06 08:53","4.6504","4.697336"
"176","2021-01-06 08:54","4.6972","4.73861"
"177","2021-01-06 08:55","4.744","4.83797"
"178","2021-01-06 08:56","4.79119968","4.897183"
"179","2021-01-06 08:57","4.8384","4.934991"
"180","2021-01-06 08:58","4.8856","5.013876"
"181","2021-01-06 08:59","4.9332","5.07566"
"182","2021-01-06 09:00","4.98079967","5.129921"
"183","2021-01-06 09:01","5.0288","5.182466"
"184","2021-01-06 09:02","5.0764","5.237167"
"185","2021-01-06 09:03","5.1244","5.295926"
"186","2021-01-06 09:04","5.1724","5.344941"
"187","2021-01-06 09:05","5.2208","5.393384"
"188","2021-01-06 09:06","5.26880026","5.445251"
"189","2021-01-06 09:07","5.31719971","5.499899"
"190","2021-01-06 09:08","5.3656","5.553419"
"191","2021-01-06 09:09","5.4144","5.60496"
"192","2021-01-06 09:10","5.4628","5.651106"
"193","2021-01-06 09:11","5.51159954","5.696359"
"194","2021-01-06 09:12","5.5604","5.744743"
"195","2021-01-06 09:13","5.6092","5.794537"
"196","2021-01-06 09:14","5.658","5.851254"
"197","2021-01-06 09:15","5.7072","5.903019"
"198","2021-01-06 09:16","5.7564","5.952377"
"199","2021-01-06 09:17","5.80519962","6.00499"
"200","2021-01-06 09:18","5.85439968","6.058723"
"201","2021-01-06 09:19","5.90359974","6.106881"
"202","2021-01-06 09:20","5.9532","6.162646"
"203","2021-01-06 09:21","6.0024","6.213373"
"204","2021-01-06 09:22","6.0516","6.258331"
"205","2021-01-06 09:23","6.1012","6.309169"
"206","2021-01-06 09:24","6.1504","6.360211"
"207","2021-01-06 09:25","6.2","6.408411"
"208","2021-01-06 09:26","6.2496","6.463706"
"209","2021-01-06 09:27","6.2988","6.511663"
"210","2021-01-06 09:28","6.3484","6.565365"
"211","2021-01-06 09:29","6.39800024","6.615384"
"212","2021-01-06 09:30","6.44760036","6.661127"
"213","2021-01-06 09:31","6.4972","6.703622"
"214","2021-01-06 09:32","6.5464","6.761278"
"215","2021-01-06 09:33","6.596","6.818564"
"216","2021-01-06 09:34","6.64560032","6.868693"
"217","2021-01-06 09:35","6.6952","6.915762"
"218","2021-01-06 09:36","6.7448","6.962639"
"219","2021-01-06 09:37","6.794","7.012239"
"220","2021-01-06 09:38","6.84360027","7.078861"
"221","2021-01-06 09:39","6.8932004","7.126894"
"222","2021-01-06 09:40","6.9424","7.18792"
"223","2021-01-06 09:41","6.99199963","7.231947"
"224","2021-01-06 09:42","7.04119968","7.278282"
"225","2021-01-06 09:43","7.09039974","7.336391"
"226","2021-01-06 09:44","7.1396","7.382425"
"227","2021-01-06 09:45","7.1888","7.447543"
"228","2021-01-06 09:46","7.238","7.496443"
"229","2021-01-06 09:47","7.2872","7.556222"
"230","2021-01-06 09:48","7.33600044","7.608255"
"231","2021-01-06 09:49","7.3852005","7.65622"
"232","2021-01-06 09:50","7.434","7.715129"
"233","2021-01-06 09:51","7.4828","7.770724"
"234","2021-01-06 09:52","7.5316","7.83472"
"235","2021-01-06 09:53","7.5804","7.885139"
"236","2021-01-06 09:54","7.62880039","7.937553"
"237","2021-01-06 09:55","7.6772","7.984069"
"238","2021-01-06 09:56","7.72560024","8.025333"
"239","2021-01-06 09:57","7.774","8.07857"
"240","2021-01-06 09:58","7.82199955","8.132082"
"241","2021-01-06 09:59","7.87","8.186485"
"242","2021-01-06 10:00","7.918","8.240287"
"243","2021-01-06 10:01","7.9659996","8.285941"
"244","2021-01-06 10:02","8.0136","8.328707"
"245","2021-01-06 10:03","8.0612","8.375397"
"246","2021-01-06 10:04","8.1088","8.43681"
"247","2021-01-06 10:05","8.156","8.501091"
"248","2021-01-06 10:06","8.2032","8.554665"
"249","2021-01-06 10:07","8.2504","8.596782"
"250","2021-01-06 10:08","8.2972","8.645086"
"251","2021-01-06 10:09","8.344","8.692286"
"252","2021-01-06 10:10","8.39079952","8.749027"
"253","2021-01-06 10:11","8.437201","8.804742"
"254","2021-01-06 10:12","8.4836","8.842818"
"255","2021-01-06 10:13","8.5296","8.891572"
"256","2021-01-06 10:14","8.5756","8.946138"
"257","2021-01-06 10:15","8.6216","8.992225"
"258","2021-01-06 10:16","8.6672","9.047507"
"259","2021-01-06 10:17","8.7128","9.089204"
"260","2021-01-06 10:18","8.758","9.145746"
"261","2021-01-06 10:19","8.8032","9.190735"
"262","2021-01-06 10:20","8.848001","9.250044"
"263","2021-01-06 10:21","8.8928","9.301168"
"264","2021-01-06 10:22","8.9372","9.35694"
"265","2021-01-06 10:23","8.9816","9.399756"
"266","2021-01-06 10:24","9.0256","9.452001"
"267","2021-01-06 10:25","9.0696","9.495946"
"268","2021-01-06 10:26","9.113199","9.536663"
"269","2021-01-06 10:27","9.1568","9.577362"
"270","2021-01-06 10:28","9.2","9.635302"
"271","2021-01-06 10:29","9.2432","9.702405"
"272","2021-01-06 10:30","9.286","9.749026"
"273","2021-01-06 10:31","9.3284","9.785804"
"274","2021-01-06 10:32","9.3708","9.842241"
"275","2021-01-06 10:33","9.4128","9.878886"
"276","2021-01-06 10:34","9.4548","9.908437"
"277","2021-01-06 10:35","9.4964","9.957478"
"278","2021-01-06 10:36","9.53760052","10.008"
"279","2021-01-06 10:37","9.5788","10.0406"
"280","2021-01-06 10:38","9.6196","10.08904"
"281","2021-01-06 10:39","9.6604","10.14067"
"282","2021-01-06 10:40","9.7008","10.19751"
"283","2021-01-06 10:41","9.7408","10.2389"
"284","2021-01-06 10:42","9.7808","10.2687"
"285","2021-01-06 10:43","9.82","10.30055"
"286","2021-01-06 10:44","9.85920048","10.35212"
"287","2021-01-06 10:45","9.898399","10.40971"
"288","2021-01-06 10:46","9.9372","10.44656"
"289","2021-01-06 10:47","9.9756","10.48317"
"290","2021-01-06 10:48","10.0136","10.52642"
"291","2021-01-06 10:49","10.0512009","10.56023"
"292","2021-01-06 10:50","10.0888","10.6067"
"293","2021-01-06 10:51","10.1259995","10.63899"
"294","2021-01-06 10:52","10.1632","10.68615"
"295","2021-01-06 10:53","10.1996","10.74632"
"296","2021-01-06 10:54","10.236","10.78966"
"297","2021-01-06 10:55","10.2719994","10.82279"
"298","2021-01-06 10:56","10.3076","10.85743"
"299","2021-01-06 10:57","10.3427992","10.89354"
"300","2021-01-06 10:58","10.3779993","10.93475"
"301","2021-01-06 10:59","10.4128","10.96875"
"302","2021-01-06 11:00","10.4472008","11.00962"
"303","2021-01-06 11:01","10.4812","11.02746"
"304","2021-01-06 11:02","10.514801","11.07598"
"305","2021-01-06 11:03","10.5484","11.09451"
"306","2021-01-06 11:04","10.5812","11.14578"
"307","2021-01-06 11:05","10.614","11.17043"
"308","2021-01-06 11:06","10.6464","11.20933"
"309","2021-01-06 11:07","10.6784","11.26939"
"310","2021-01-06 11:08","10.71","11.31365"
"311","2021-01-06 11:09","10.7412","11.34098"
"312","2021-01-06 11:10","10.772","11.369"
"313","2021-01-06 11:11","10.8027992","11.39391"
"314","2021-01-06 11:12","10.8328","11.43394"
"315","2021-01-06 11:13","10.8628","11.45922"
"316","2021-01-06 11:14","10.892","11.51715"
"317","2021-01-06 11:15","10.9212008","11.5572"
"318","2021-01-06 11:16","10.9500008","11.58793"
"319","2021-01-06 11:17","10.9783993","11.62119"
"320","2021-01-06 11:18","11.0064011","11.64829"
"321","2021-01-06 11:19","11.034","11.67032"
"322","2021-01-06 11:20","11.0612","11.6868"
"323","2021-01-06 11:21","11.088","11.71985"
"324","2021-01-06 11:22","11.114399","11.7432"
"325","2021-01-06 11:23","11.1404","11.7685"
"326","2021-01-06 11:24","11.166","11.81488"
"327","2021-01-06 11:25","11.1912","11.8484"
"328","2021-01-06 11:26","11.2160006","11.85235"
"329","2021-01-06 11:27","11.240799","11.8851"
"330","2021-01-06 11:28","11.2648","11.88686"
"331","2021-01-06 11:29","11.2884","11.91578"
"332","2021-01-06 11:30","11.3116","11.95733"
"333","2021-01-06 11:31","11.3344","11.97741"
"334","2021-01-06 11:32","11.3568","12.00596"
"335","2021-01-06 11:33","11.3787994","12.0409"
"336","2021-01-06 11:34","11.4004","12.07693"
"337","2021-01-06 11:35","11.4216","12.10501"
"338","2021-01-06 11:36","11.4424","12.12279"
"339","2021-01-06 11:37","11.462801","12.1229"
"340","2021-01-06 11:38","11.4828005","12.16248"
"341","2021-01-06 11:39","11.5023994","12.19929"
"342","2021-01-06 11:40","11.5212","12.20992"
"343","2021-01-06 11:41","11.5400009","12.18443"
"344","2021-01-06 11:42","11.558","12.10701"
"345","2021-01-06 11:43","11.576","12.11029"
"346","2021-01-06 11:44","11.5932","12.16949"
"347","2021-01-06 11:45","11.6103992","12.26998"
"348","2021-01-06 11:46","11.6268005","12.32332"
"349","2021-01-06 11:47","11.6428","12.34752"
"350","2021-01-06 11:48","11.6584005","12.36703"
"351","2021-01-06 11:49","11.6735992","12.39159"
"352","2021-01-06 11:50","11.6884","12.41254"
"353","2021-01-06 11:51","11.7028","12.40559"
"354","2021-01-06 11:52","11.7164","12.40291"
"355","2021-01-06 11:53","11.73","12.45184"
"356","2021-01-06 11:54","11.7428007","12.47256"
"357","2021-01-06 11:55","11.7556","12.47295"
"358","2021-01-06 11:56","11.7675991","12.47722"
"359","2021-01-06 11:57","11.7792","12.41803"
"360","2021-01-06 11:58","11.7904","12.35316"
"361","2021-01-06 11:59","11.8012","12.38869"
"362","2021-01-06 12:00","11.8112","12.41786"
"363","2021-01-06 12:01","11.8211994","12.44709"
"364","2021-01-06 12:02","11.8304","12.36247"
"365","2021-01-06 12:03","11.8396","12.36168"
"366","2021-01-06 12:04","11.8480005","12.36676"
"367","2021-01-06 12:05","11.8560009","12.44663"
"368","2021-01-06 12:06","11.8636","12.44223"
"369","2021-01-06 12:07","11.8703995","12.4969"
"370","2021-01-06 12:08","11.8771992","12.38661"
"371","2021-01-06 12:09","11.8832006","12.37476"
"372","2021-01-06 12:10","11.8892","12.23667"
"373","2021-01-06 12:11","11.8944","12.20297"
"374","2021-01-06 12:12","11.8991995","12.26842"
"375","2021-01-06 12:13","11.9036","12.09571"
"376","2021-01-06 12:14","11.9072","12.35553"
"377","2021-01-06 12:15","11.9108","12.38026"
"378","2021-01-06 12:16","11.9136","12.40696"
"379","2021-01-06 12:17","11.9159994","12.39968"
"380","2021-01-06 12:18","11.9184008","12.37646"
"381","2021-01-06 12:19","11.92","12.37805"
"382","2021-01-06 12:20","11.9208","12.40111"
"383","2021-01-06 12:21","11.9216","12.44084"
"384","2021-01-06 12:22","11.9216","12.4963"
"385","2021-01-06 12:23","11.9216","12.50352"
"386","2021-01-06 12:24","11.9208","12.51062"
"387","2021-01-06 12:25","11.9196","12.59674"
"388","2021-01-06 12:26","11.918","12.60551"
"389","2021-01-06 12:27","11.9156","12.55831"
"390","2021-01-06 12:28","11.9131994","12.56277"
"391","2021-01-06 12:29","11.91","12.612"
"392","2021-01-06 12:30","11.9064","12.62739"
"393","2021-01-06 12:31","11.9028","12.63893"
"394","2021-01-06 12:32","11.8980007","12.58913"
"395","2021-01-06 12:33","11.8932","12.52901"
"396","2021-01-06 12:34","11.888","12.54807"
"397","2021-01-06 12:35","11.882","12.51363"
"398","2021-01-06 12:36","11.876","12.42419"
"399","2021-01-06 12:37","11.8692007","12.37767"
"400","2021-01-06 12:38","11.862","12.27813"
"401","2021-01-06 12:39","11.8544","12.22991"
"402","2021-01-06 12:40","11.846","12.2338"
"403","2021-01-06 12:41","11.8376007","12.31895"
"404","2021-01-06 12:42","11.8288","12.3025"
"405","2021-01-06 12:43","11.8192005","12.26893"
"406","2021-01-06 12:44","11.8092","12.2943"
"407","2021-01-06 12:45","11.7988","12.28889"
"408","2021-01-06 12:46","11.788","12.20245"
"409","2021-01-06 12:47","11.7768","12.13699"
"410","2021-01-06 12:48","11.7652","12.1399"
"411","2021-01-06 12:49","11.7528","12.22383"
"412","2021-01-06 12:50","11.7403994","12.26226"
"413","2021-01-06 12:51","11.7272","12.20466"
"414","2021-01-06 12:52","11.7136","12.23975"
"415","2021-01-06 12:53","11.6996","12.32794"
"416","2021-01-06 12:54","11.6852","12.35664"
"417","2021-01-06 12:55","11.6704","12.31037"
"418","2021-01-06 12:56","11.6551991","12.28454"
"419","2021-01-06 12:57","11.6396","12.25959"
"420","2021-01-06 12:58","11.6236","12.26021"
"421","2021-01-06 12:59","11.6068","12.25872"
"422","2021-01-06 13:00","11.59","12.29017"
"423","2021-01-06 13:01","11.5724","12.28709"
"424","2021-01-06 13:02","11.5543995","12.24771"
"425","2021-01-06 13:03","11.5359993","12.2199"
"426","2021-01-06 13:04","11.5176","12.20051"
"427","2021-01-06 13:05","11.4984","12.18096"
"428","2021-01-06 13:06","11.4788","12.16879"
"429","2021-01-06 13:07","11.4587994","12.1453"
"430","2021-01-06 13:08","11.4383993","12.11922"
"431","2021-01-06 13:09","11.4172","12.07772"
"432","2021-01-06 13:10","11.396","12.07632"
"433","2021-01-06 13:11","11.3743992","12.07197"
"434","2021-01-06 13:12","11.3524","12.04154"
"435","2021-01-06 13:13","11.3295994","12.01098"
"436","2021-01-06 13:14","11.3068","11.97874"
"437","2021-01-06 13:15","11.2836","11.94596"
"438","2021-01-06 13:16","11.2596","11.92081"
"439","2021-01-06 13:17","11.2355995","11.87911"
"440","2021-01-06 13:18","11.2112","11.86564"
"441","2021-01-06 13:19","11.186","11.85919"
"442","2021-01-06 13:20","11.1608009","11.8076"
"443","2021-01-06 13:21","11.1352005","11.75485"
"444","2021-01-06 13:22","11.1088","11.727"
"445","2021-01-06 13:23","11.0824","11.6942"
"446","2021-01-06 13:24","11.0555992","11.68886"
"447","2021-01-06 13:25","11.0283995","11.66196"
"448","2021-01-06 13:26","11.0008","11.62808"
"449","2021-01-06 13:27","10.9724","11.5962"
"450","2021-01-06 13:28","10.944","11.53902"
"451","2021-01-06 13:29","10.9151993","11.48802"
"452","2021-01-06 13:30","10.8860006","11.49583"
"453","2021-01-06 13:31","10.8564","11.46185"
"454","2021-01-06 13:32","10.8267994","11.41457"
"455","2021-01-06 13:33","10.7964","11.38811"
"456","2021-01-06 13:34","10.7656","11.34145"
"457","2021-01-06 13:35","10.7348","11.32358"
"458","2021-01-06 13:36","10.7032","11.27087"
"459","2021-01-06 13:37","10.6716","11.23092"
"460","2021-01-06 13:38","10.6396","11.22353"
"461","2021-01-06 13:39","10.6072","11.20496"
"462","2021-01-06 13:40","10.5744","11.14535"
"463","2021-01-06 13:41","10.5412","11.09159"
"464","2021-01-06 13:42","10.5079994","11.05712"
"465","2021-01-06 13:43","10.474","11.02207"
"466","2021-01-06 13:44","10.4400005","10.99409"
"467","2021-01-06 13:45","10.4056","10.9691"
"468","2021-01-06 13:46","10.3708","10.92304"
"469","2021-01-06 13:47","10.3356","10.86595"
"470","2021-01-06 13:48","10.3004","10.74976"
"471","2021-01-06 13:49","10.2644005","10.70054"
"472","2021-01-06 13:50","10.2284","10.66567"
"473","2021-01-06 13:51","10.1919994","10.60513"
"474","2021-01-06 13:52","10.1552","10.56305"
"475","2021-01-06 13:53","10.1184","10.54533"
"476","2021-01-06 13:54","10.0812","10.56636"
"477","2021-01-06 13:55","10.0436","10.55816"
"478","2021-01-06 13:56","10.0056","10.52008"
"479","2021-01-06 13:57","9.9676","10.47167"
"480","2021-01-06 13:58","9.9288","10.39852"
"481","2021-01-06 13:59","9.8904","10.38527"
"482","2021-01-06 14:00","9.8512","10.3598"
"483","2021-01-06 14:01","9.812","10.32453"
"484","2021-01-06 14:02","9.7724","10.28155"
"485","2021-01-06 14:03","9.7324","10.21443"
"486","2021-01-06 14:04","9.6924","10.15268"
"487","2021-01-06 14:05","9.652","10.10313"
"488","2021-01-06 14:06","9.6112","10.04908"
"489","2021-01-06 14:07","9.5704","10.02447"
"490","2021-01-06 14:08","9.529201","10.00006"
"491","2021-01-06 14:09","9.487599","9.956755"
"492","2021-01-06 14:10","9.446","9.918502"
"493","2021-01-06 14:11","9.404","9.891218"
"494","2021-01-06 14:12","9.362","9.854158"
"495","2021-01-06 14:13","9.3196","9.811153"
"496","2021-01-06 14:14","9.2768","9.769397"
"497","2021-01-06 14:15","9.234","9.719813"
"498","2021-01-06 14:16","9.1908","9.676644"
"499","2021-01-06 14:17","9.1476","9.645798"
"500","2021-01-06 14:18","9.104","9.595569"
"501","2021-01-06 14:19","9.0604","9.540277"
"502","2021-01-06 14:20","9.0164","9.474128"
"503","2021-01-06 14:21","8.972","9.424599"
"504","2021-01-06 14:22","8.9276","9.402225"
"505","2021-01-06 14:23","8.883201","9.365136"
"506","2021-01-06 14:24","8.8384","9.327131"
"507","2021-01-06 14:25","8.7936","9.277873"
"508","2021-01-06 14:26","8.7484","9.229642"
"509","2021-01-06 14:27","8.702801","9.18671"
"510","2021-01-06 14:28","8.6576","9.148886"
"511","2021-01-06 14:29","8.6116","9.098549"
"512","2021-01-06 14:30","8.566","9.050531"
"513","2021-01-06 14:31","8.52","8.994646"
"514","2021-01-06 14:32","8.4736","8.948984"
"515","2021-01-06 14:33","8.427199","8.914253"
"516","2021-01-06 14:34","8.3808","8.872507"
"517","2021-01-06 14:35","8.334","8.827273"
"518","2021-01-06 14:36","8.2872","8.77419"
"519","2021-01-06 14:37","8.2404","8.713351"
"520","2021-01-06 14:38","8.1932","8.655434"
"521","2021-01-06 14:39","8.146","8.598758"
"522","2021-01-06 14:40","8.0984","8.558167"
"523","2021-01-06 14:41","8.0508","8.50631"
"524","2021-01-06 14:42","8.003201","8.444071"
"525","2021-01-06 14:43","7.9556","8.400294"
"526","2021-01-06 14:44","7.9076","8.340649"
"527","2021-01-06 14:45","7.8596","8.291636"
"528","2021-01-06 14:46","7.81159973","8.24066"
"529","2021-01-06 14:47","7.7632","8.199722"
"530","2021-01-06 14:48","7.71520042","8.151977"
"531","2021-01-06 14:49","7.6668","8.089581"
"532","2021-01-06 14:50","7.618","8.034945"
"533","2021-01-06 14:51","7.56959963","7.979608"
"534","2021-01-06 14:52","7.5208","7.941925"
"535","2021-01-06 14:53","7.472","7.893273"
"536","2021-01-06 14:54","7.4232","7.826777"
"537","2021-01-06 14:55","7.3744","7.77156"
"538","2021-01-06 14:56","7.3252","7.703396"
"539","2021-01-06 14:57","7.27639961","7.64656"
"540","2021-01-06 14:58","7.22720051","7.626977"
"541","2021-01-06 14:59","7.17800045","7.586304"
"542","2021-01-06 15:00","7.12880039","7.541285"
"543","2021-01-06 15:01","7.07960033","7.497098"
"544","2021-01-06 15:02","7.03040028","7.440988"
"545","2021-01-06 15:03","6.9808","7.382833"
"546","2021-01-06 15:04","6.9316","7.332788"
"547","2021-01-06 15:05","6.882","7.285267"
"548","2021-01-06 15:06","6.8328","7.236716"
"549","2021-01-06 15:07","6.7832","7.185561"
"550","2021-01-06 15:08","6.73359966","7.121386"
"551","2021-01-06 15:09","6.684","7.067313"
"552","2021-01-06 15:10","6.6344","7.016482"
"553","2021-01-06 15:11","6.5848","6.963152"
"554","2021-01-06 15:12","6.53559971","6.906708"
"555","2021-01-06 15:13","6.486","6.859394"
"556","2021-01-06 15:14","6.4364","6.798088"
"557","2021-01-06 15:15","6.3868","6.743917"
"558","2021-01-06 15:16","6.33719969","6.678432"
"559","2021-01-06 15:17","6.28759956","6.637577"
"560","2021-01-06 15:18","6.23839951","6.594254"
"561","2021-01-06 15:19","6.1888","6.540836"
"562","2021-01-06 15:20","6.13919973","6.479243"
"563","2021-01-06 15:21","6.09","6.428521"
"564","2021-01-06 15:22","6.04040051","6.379014"
"565","2021-01-06 15:23","5.99120045","6.331546"
"566","2021-01-06 15:24","5.94160032","6.28321"
"567","2021-01-06 15:25","5.89240026","6.229603"
"568","2021-01-06 15:26","5.8432","6.17615"
"569","2021-01-06 15:27","5.794","6.123955"
"570","2021-01-06 15:28","5.7448","6.07515"
"571","2021-01-06 15:29","5.696","6.023699"
"572","2021-01-06 15:30","5.6468","5.973927"
"573","2021-01-06 15:31","5.59800053","5.924433"
"574","2021-01-06 15:32","5.5492","5.873327"
"575","2021-01-06 15:33","5.5004","5.826335"
"576","2021-01-06 15:34","5.4516","5.771097"
"577","2021-01-06 15:35","5.40319967","5.717499"
"578","2021-01-06 15:36","5.3544","5.665931"
"579","2021-01-06 15:37","5.306","5.612263"
"580","2021-01-06 15:38","5.2576","5.560682"
"581","2021-01-06 15:39","5.20959949","5.509483"
"582","2021-01-06 15:40","5.1612","5.459973"
"583","2021-01-06 15:41","5.1132","5.40573"
"584","2021-01-06 15:42","5.0652","5.357797"
"585","2021-01-06 15:43","5.0176","5.307178"
"586","2021-01-06 15:44","4.9696","5.249732"
"587","2021-01-06 15:45","4.922","5.196621"
"588","2021-01-06 15:46","4.8748","5.158153"
"589","2021-01-06 15:47","4.8272","5.118845"
"590","2021-01-06 15:48","4.77999973","5.071085"
"591","2021-01-06 15:49","4.7328","5.016428"
"592","2021-01-06 15:50","4.686","4.963601"
"593","2021-01-06 15:51","4.6392","4.911376"
"594","2021-01-06 15:52","4.5924","4.862568"
"595","2021-01-06 15:53","4.546","4.815828"
"596","2021-01-06 15:54","4.4996","4.769954"
"597","2021-01-06 15:55","4.45320034","4.719029"
"598","2021-01-06 15:56","4.4072","4.665895"
"599","2021-01-06 15:57","4.3612","4.615519"
"600","2021-01-06 15:58","4.3156","4.569419"
"601","2021-01-06 15:59","4.27","4.521529"
"602","2021-01-06 16:00","4.2244","4.472058"
"603","2021-01-06 16:01","4.1792","4.423385"
"604","2021-01-06 16:02","4.134","4.377601"
"605","2021-01-06 16:03","4.0892","4.329388"
"606","2021-01-06 16:04","4.04439974","4.284942"
"607","2021-01-06 16:05","3.99976","4.241779"
"608","2021-01-06 16:06","3.95536","4.193174"
"609","2021-01-06 16:07","3.91116","4.14605"
"610","2021-01-06 16:08","3.86716","4.09834"
"611","2021-01-06 16:09","3.82332","4.048162"
"612","2021-01-06 16:10","3.77972","3.999784"
"613","2021-01-06 16:11","3.73628","3.953714"
"614","2021-01-06 16:12","3.69304","3.907313"
"615","2021-01-06 16:13","3.65004015","3.867338"
"616","2021-01-06 16:14","3.60720015","3.82182"
"617","2021-01-06 16:15","3.5646","3.776998"
"618","2021-01-06 16:16","3.5222","3.734643"
"619","2021-01-06 16:17","3.48","3.687146"
"620","2021-01-06 16:18","3.43804","3.645931"
"621","2021-01-06 16:19","3.39628","3.605852"
"622","2021-01-06 16:20","3.35476017","3.564551"
"623","2021-01-06 16:21","3.31344","3.522763"
"624","2021-01-06 16:22","3.27235985","3.478416"
"625","2021-01-06 16:23","3.23152018","3.434676"
"626","2021-01-06 16:24","3.19088","3.393154"
"627","2021-01-06 16:25","3.15048","3.349717"
"628","2021-01-06 16:26","3.11032","3.305733"
"629","2021-01-06 16:27","3.0704","3.263229"
"630","2021-01-06 16:28","3.03072","3.220227"
"631","2021-01-06 16:29","2.99128","3.177164"
"632","2021-01-06 16:30","2.95208","3.137039"
"633","2021-01-06 16:31","2.91312","3.095687"
"634","2021-01-06 16:32","2.87440014","3.05631"
"635","2021-01-06 16:33","2.83596015","3.016446"
"636","2021-01-06 16:34","2.79776","2.976552"
"637","2021-01-06 16:35","2.7598","2.938642"
"638","2021-01-06 16:36","2.72208","2.898463"
"639","2021-01-06 16:37","2.68464","2.857167"
"640","2021-01-06 16:38","2.64748","2.818018"
"641","2021-01-06 16:39","2.61056","2.780116"
"642","2021-01-06 16:40","2.57388","2.745096"
"643","2021-01-06 16:41","2.53747988","2.708521"
"644","2021-01-06 16:42","2.50132","2.667696"
"645","2021-01-06 16:43","2.46547985","2.627441"
"646","2021-01-06 16:44","2.42988014","2.5904"
"647","2021-01-06 16:45","2.39452","2.555703"
"648","2021-01-06 16:46","2.35948","2.523378"
"649","2021-01-06 16:47","2.32467985","2.486608"
"650","2021-01-06 16:48","2.29016018","2.449628"
"651","2021-01-06 16:49","2.25592","2.412431"
"652","2021-01-06 16:50","2.22192","2.375232"
"653","2021-01-06 16:51","2.18824","2.340825"
"654","2021-01-06 16:52","2.15484","2.307237"
"655","2021-01-06 16:53","2.12168","2.272884"
"656","2021-01-06 16:54","2.08884","2.238403"
"657","2021-01-06 16:55","2.05628","2.203174"
"658","2021-01-06 16:56","2.02396","2.168613"
"659","2021-01-06 16:57","1.99195993","2.135054"
"660","2021-01-06 16:58","1.96024","2.102572"
"661","2021-01-06 16:59","1.92880011","2.070872"
"662","2021-01-06 17:00","1.89764","2.036485"
"663","2021-01-06 17:01","1.86680007","2.003537"
"664","2021-01-06 17:02","1.8362","1.971657"
"665","2021-01-06 17:03","1.80592","1.939223"
"666","2021-01-06 17:04","1.77591991","1.907005"
"667","2021-01-06 17:05","1.74620008","1.875457"
"668","2021-01-06 17:06","1.71675992","1.845222"
"669","2021-01-06 17:07","1.68764","1.813149"
"670","2021-01-06 17:08","1.65879989","1.784067"
"671","2021-01-06 17:09","1.63024","1.755653"
"672","2021-01-06 17:10","1.602","1.727713"
"673","2021-01-06 17:11","1.57404","1.700292"
"674","2021-01-06 17:12","1.54636","1.670254"
"675","2021-01-06 17:13","1.51896","1.640953"
"676","2021-01-06 17:14","1.49187994","1.612055"
"677","2021-01-06 17:15","1.4650799","1.583814"
"678","2021-01-06 17:16","1.4386","1.555278"
"679","2021-01-06 17:17","1.41236007","1.528861"
"680","2021-01-06 17:18","1.38643992","1.50098"
"681","2021-01-06 17:19","1.36084008","1.473846"
"682","2021-01-06 17:20","1.33552","1.447473"
"683","2021-01-06 17:21","1.31047988","1.421013"
"684","2021-01-06 17:22","1.28572","1.394691"
"685","2021-01-06 17:23","1.26128006","1.368829"
"686","2021-01-06 17:24","1.23712","1.34476"
"687","2021-01-06 17:25","1.21324","1.319312"
"688","2021-01-06 17:26","1.18968","1.293606"
"689","2021-01-06 17:27","1.1664","1.269238"
"690","2021-01-06 17:28","1.1434","1.24552"
"691","2021-01-06 17:29","1.12068","1.221948"
"692","2021-01-06 17:30","1.09828007","1.198524"
"693","2021-01-06 17:31","1.07616","1.175717"
"694","2021-01-06 17:32","1.05432","1.153489"
"695","2021-01-06 17:33","1.0328","1.130358"
"696","2021-01-06 17:34","1.01152","1.107249"
"697","2021-01-06 17:35","0.99056","1.085074"
"698","2021-01-06 17:36","0.96988","1.06389"
"699","2021-01-06 17:37","0.94948","1.041829"
"700","2021-01-06 17:38","0.929360032","1.019937"
"701","2021-01-06 17:39","0.90956","0.9981587"
"702","2021-01-06 17:40","0.89","0.977006"
"703","2021-01-06 17:41","0.87076","0.9560702"
"704","2021-01-06 17:42","0.85175997","0.9358237"
"705","2021-01-06 17:43","0.833079934","0.9158746"
"706","2021-01-06 17:44","0.81464","0.8958423"
"707","2021-01-06 17:45","0.79652","0.8757545"
"708","2021-01-06 17:46","0.77864","0.855896"
"709","2021-01-06 17:47","0.76108","0.8366553"
"710","2021-01-06 17:48","0.74376","0.8182173"
"711","2021-01-06 17:49","0.726720035","0.8002532"
"712","2021-01-06 17:50","0.70996","0.7821026"
"713","2021-01-06 17:51","0.69343996","0.7639529"
"714","2021-01-06 17:52","0.677239954","0.7463447"
"715","2021-01-06 17:53","0.661280036","0.7289882"
"716","2021-01-06 17:54","0.6456","0.711947"
"717","2021-01-06 17:55","0.63016","0.6953891"
"718","2021-01-06 17:56","0.615","0.6789601"
"719","2021-01-06 17:57","0.60012","0.6628925"
"720","2021-01-06 17:58","0.58548","0.6468338"
"721","2021-01-06 17:59","0.57112","0.6308215"
"722","2021-01-06 18:00","0.557","0.6153101"
"723","2021-01-06 18:01","0.543119967","0.6000867"
"724","2021-01-06 18:02","0.52952","0.5848734"
"725","2021-01-06 18:03","0.51616","0.5699943"
"726","2021-01-06 18:04","0.50308","0.5555726"
"727","2021-01-06 18:05","0.49024","0.5411378"
"728","2021-01-06 18:06","0.47764","0.5273718"
"729","2021-01-06 18:07","0.46528","0.5138506"
"730","2021-01-06 18:08","0.45316","0.5004525"
"731","2021-01-06 18:09","0.44132","0.4873031"
"732","2021-01-06 18:10","0.42968002","0.4741063"
"733","2021-01-06 18:11","0.41828","0.4612148"
"734","2021-01-06 18:12","0.407159984","0.4481434"
"735","2021-01-06 18:13","0.396228","0.4349992"
"736","2021-01-06 18:14","0.385548","0.4225727"
"737","2021-01-06 18:15","0.375100017","0.4108931"
"738","2021-01-06 18:16","0.36488","0.3997963"
"739","2021-01-06 18:17","0.354888","0.3885961"
"740","2021-01-06 18:18","0.345119983","0.3772301"
"741","2021-01-06 18:19","0.335576","0.3664514"
"742","2021-01-06 18:20","0.326251984","0.3558363"
"743","2021-01-06 18:21","0.317148","0.3453708"
"744","2021-01-06 18:22","0.30826","0.335092"
"745","2021-01-06 18:23","0.299588","0.3249244"
"746","2021-01-06 18:24","0.29112798","0.3150779"
"747","2021-01-06 18:25","0.28288","0.3052233"
"748","2021-01-06 18:26","0.274836","0.2956522"
"749","2021-01-06 18:27","0.267","0.2863722"
"750","2021-01-06 18:28","0.259372","0.2772628"
"751","2021-01-06 18:29","0.25194","0.2683012"
"752","2021-01-06 18:30","0.244708","0.2595029"
"753","2021-01-06 18:31","0.237672","0.2510491"
"754","2021-01-06 18:32","0.230832011","0.2426379"
"755","2021-01-06 18:33","0.224188","0.23434"
"756","2021-01-06 18:34","0.217728","0.2263929"
"757","2021-01-06 18:35","0.21146","0.2187332"
"758","2021-01-06 18:36","0.205371991","0.2111368"
"759","2021-01-06 18:37","0.199468","0.2036327"
"760","2021-01-06 18:38","0.193748012","0.1963981"
"761","2021-01-06 18:39","0.18820399","0.1893908"
"762","2021-01-06 18:40","0.182832","0.1825337"
"763","2021-01-06 18:41","0.177636","0.1758154"
"764","2021-01-06 18:42","0.172607988","0.1697175"
"765","2021-01-06 18:43","0.167752","0.1633489"
"766","2021-01-06 18:44","0.163055986","0.157022"
"767","2021-01-06 18:45","0.158528","0.1510129"
"768","2021-01-06 18:46","0.154156","0.1451069"
"769","2021-01-06 18:47","0.149943992","0.1394032"
"770","2021-01-06 18:48","0.145883992","0.1338524"
"771","2021-01-06 18:49","0.141979992","0.1285377"
"772","2021-01-06 18:50","0.138224","0.123366"
"773","2021-01-06 18:51","0.134616","0.1182314"
"774","2021-01-06 18:52","0.131152","0.1133207"
"775","2021-01-06 18:53","0.127832","0.1085514"
"776","2021-01-06 18:54","0.124652006","0.1038476"
"777","2021-01-06 18:55","0.121608004","0.09935263"
"778","2021-01-06 18:56","0.1187","0.09499666"
"779","2021-01-06 18:57","0.115924","0.09078765"
"780","2021-01-06 18:58","0.113276005","0.08664826"
"781","2021-01-06 18:59","0.110759996","0.08270475"
"782","2021-01-06 19:00","0.108364","0.0788662"
"783","2021-01-06 19:01","0.106096",""
"784","2021-01-06 19:02","0.103948005",""
"785","2021-01-06 19:03","0.10192",""
"786","2021-01-06 19:04","0.100007996",""
"787","2021-01-06 19:05","0.0982119963",""
"788","2021-01-06 19:06","0.096528",""
"789","2021-01-06 19:07","0.094956",""
"790","2021-01-06 19:08","0.093496",""
"791","2021-01-06 19:09","0.092148",""
"792","2021-01-06 19:10","0.0909040049",""
"793","2021-01-06 19:11","0.08976801",""
"794","2021-01-06 19:12","0.088736",""
"795","2021-01-06 19:13","0.08781201",""
"796","2021-01-06 19:14","0.0869879946",""
"797","2021-01-06 19:15","0.086268",""
"798","2021-01-06 19:16","0.0856519938",""
"799","2021-01-06 19:17","0.085136",""
"800","2021-01-06 19:18","0.08472",""
"801","2021-01-06 19:19","0.08440399",""
"802","2021-01-06 19:20","0.084188",""
"803","2021-01-06 19:21","0.0840719938",""
"804","2021-01-06 19:22","0",""
"805","2021-01-06 19:23","0",""
"806","2021-01-06 19:24","0",""
"807","2021-01-06 19:25","0",""
"808","2021-01-06 19:26","0",""
"809","2021-01-06 19:27","0",""
"810","2021-01-06 19:28","0",""
"811","2021-01-06 19:29","0",""
"812","2021-01-06 19:30","0",""
"813","2021-01-06 19:31","0",""
"814","2021-01-06 19:32","0",""
"815","2021-01-06 19:33","0",""
"816","2021-01-06 19:34","0",""
"817","2021-01-06 19:35","0",""
"818","2021-01-06 19:36","0",""
"819","2021-01-06 19:37","0",""
"820","2021-01-06 19:38","0",""
"821","2021-01-06 19:39","0",""
"822","2021-01-06 19:40","0",""
"823","2021-01-06 19:41","0",""
"824","2021-01-06 19:42","0",""
"825","2021-01-06 19:43","0",""
"826","2021-01-06 19:44","0",""
"827","2021-01-06 19:45","0",""
"828","2021-01-06 19:46","0",""
"829","2021-01-06 19:47","0",""
"830","2021-01-06 19:48","0",""
"831","2021-01-06 19:49","0",""
"832","2021-01-06 19:50","0",""
"833","2021-01-06 19:51","0",""
"834","2021-01-06 19:52","0",""
"835","2021-01-06 19:53","0",""
"836","2021-01-06 19:54","0",""
"837","2021-01-06 19:55","0",""
"838","2021-01-06 19:56","0",""
"839","2021-01-06 19:57","0",""
"840","2021-01-06 19:58","0",""
"841","2021-01-06 19:59","0",""
